"eBird.English.Name.2022","currentslopelci1","currentslopemean1","currentsloperci1","currentslopelci2","currentslopemean2","currentsloperci2","currentslopelci3","currentslopemean3","currentsloperci3","currentslopelci4","currentslopemean4","currentsloperci4","currentslopelci5","currentslopemean5","currentsloperci5","currentslopelci6","currentslopemean6","currentsloperci6","currentslopelci7","currentslopemean7","currentsloperci7","currentslopelci8","currentslopemean8","currentsloperci8"
"Gray Francolin",-277.646830034432,16.0539223442971,309.754674723026,-182.231418279181,27.9825293205225,238.196476920226,-68.4268617813274,11.5690659304571,91.5649936422415,-97.7257666014118,12.2033186032264,122.132403807865,-79.4440869927601,10.9604782675611,101.365043527882,-47.5116500553088,10.5049645271678,68.5215791096445,-126.656641796185,13.4312719451525,153.51918568649,-234.535379357995,21.9733737725583,278.482126903111
"Black-winged Kite",-43.1415156491429,2.62949448287252,48.400504614888,-244.878709925923,9.37329167663671,263.625293279196,-34.6979943537069,1.35854790767104,37.415090169049,-913.524917248003,8.37272576390565,930.270368775814,-28.9454206614645,1.14328834611789,31.2319973537003,-35.8180397904096,1.01579006661599,37.8496199236416,-39.0445245263799,1.35459945394752,41.753723434275,-80.7344035190819,6.08187097533688,92.8981454697557
"Ashy Prinia",-271.291113184371,14.5744361831548,300.43998555068,-693.834155730608,34.6308508491354,763.095857428879,-187.316286879234,12.5856229525464,212.487532784327,-37.4098534920936,8.76153695389897,54.9329273998916,-42.5046194696228,9.35814696472106,61.220913399065,-451.799759751856,13.9168506179026,479.633460987661,-81.6203689893299,11.0048846125564,103.630138214443,-216.713335609962,17.1695266361398,251.052388882241
