"","COMMON.NAME","n_points","mean_diff","mean_pct_diff","corr_means","lci_range_diff","rci_range_diff","mean_width_old","mean_width_new","width_ratio"
"1","Ashy Prinia",14,204.140148979041,4.66738813761855,0.99927230001785,0.150534429160427,22.4768858463043,44.6446371883394,66.9709886054833,1.50009033163283
"2","Black-winged Kite",14,36.7431582685299,7.3753103329694,0.985562758500452,2.32712250139726,8.87064733820608,17.7820600995518,24.3255849363606,1.3679846317117
"3","Gray Francolin",14,47.3984727217428,14.3714559411677,0.983368597491399,8.13493798647215,29.8247825004951,31.4605966368696,53.1504411508925,1.68942889940631
