"","COMMON.NAME","n_points","mean_diff","mean_pct_diff","corr_means","lci_range_diff","rci_range_diff","mean_width_old","mean_width_new","width_ratio"
"1","Ashy Prinia",14,213.792789092194,-0.173242780283946,0.999996583754654,-135.651557489492,888.946410110729,66.9709886054833,1091.5689562057,16.2991315931736
"2","Black-winged Kite",14,31.8517465799142,0.175668869027867,0.999985510754118,-53.2722892787198,364.707203532415,24.3255849363606,442.305077747495,18.1827108743585
"3","Gray Francolin",14,63.1873459280266,0.181914749540288,0.999991981195435,-77.7281299175742,566.212995388967,53.1504411508925,697.091566457434,13.1154427200032
